IP Address,Port,Code,Country,Anonymity,Google,Https,Last Checked
187.130.139.197,8080,MX,Mexico,elite proxy,no,yes,6 seconds ago
154.73.141.126,49807,ZA,South Africa,elite proxy,no,yes,6 seconds ago
189.204.242.178,8080,MX,Mexico,elite proxy,no,yes,6 seconds ago
77.238.79.111,8080,BG,Bulgaria,elite proxy,no,yes,6 seconds ago
212.83.178.76,3838,FR,France,elite proxy,no,yes,6 seconds ago
89.34.208.223,50478,RO,Romania,elite proxy,no,yes,6 seconds ago
103.216.51.210,8191,KH,Cambodia,elite proxy,no,yes,6 seconds ago
34.208.91.142,3838,US,United States,elite proxy,no,yes,6 seconds ago
36.91.45.10,61675,ID,Indonesia,elite proxy,no,yes,6 seconds ago
79.155.30.192,8080,ES,Spain,elite proxy,no,yes,6 seconds ago
110.78.141.244,36961,TH,Thailand,elite proxy,no,yes,6 seconds ago
213.6.204.153,52263,PS,Palestinian Territory,elite proxy,no,yes,6 seconds ago
117.6.161.118,53281,VN,Vietnam,elite proxy,no,yes,6 seconds ago
148.72.172.31,8080,US,United States,elite proxy,no,yes,6 seconds ago
5.133.11.250,3838,PL,Poland,elite proxy,no,yes,20 seconds ago
125.26.99.223,32703,TH,Thailand,elite proxy,no,yes,20 seconds ago
212.243.94.102,8080,CH,Switzerland,elite proxy,no,yes,20 seconds ago
201.190.184.22,46740,AR,Argentina,elite proxy,no,yes,20 seconds ago
118.174.234.21,43766,TH,Thailand,elite proxy,no,yes,20 seconds ago
14.201.234.2,50677,AU,Australia,elite proxy,no,yes,20 seconds ago
122.102.27.169,23500,IN,India,elite proxy,no,yes,20 seconds ago
182.48.70.145,42956,BD,Bangladesh,elite proxy,no,yes,20 seconds ago
159.224.166.129,54801,UA,Ukraine,elite proxy,no,yes,20 seconds ago
213.6.226.202,52656,PS,Palestinian Territory,elite proxy,no,yes,20 seconds ago
118.99.102.60,44922,ID,Indonesia,elite proxy,no,yes,20 seconds ago
119.82.253.123,32041,KH,Cambodia,elite proxy,no,yes,20 seconds ago
91.203.114.74,53645,UA,Ukraine,elite proxy,no,yes,20 seconds ago
43.228.221.23,37756,IN,India,elite proxy,no,yes,20 seconds ago
124.41.211.211,59164,NP,Nepal,elite proxy,no,yes,20 seconds ago
43.230.157.150,33274,IN,India,elite proxy,no,yes,20 seconds ago
191.97.41.236,30214,AR,Argentina,elite proxy,no,yes,20 seconds ago
52.53.179.200,3128,US,United States,elite proxy,no,yes,20 seconds ago
42.115.88.12,58657,KH,Cambodia,elite proxy,no,yes,20 seconds ago
88.99.10.250,1080,DE,Germany,elite proxy,no,yes,20 seconds ago
191.189.30.85,46501,BR,Brazil,elite proxy,no,yes,1 minute ago
180.232.77.107,56392,PH,Philippines,elite proxy,no,yes,1 minute ago
1.20.101.62,39928,TH,Thailand,elite proxy,no,yes,1 minute ago
76.8.255.78,46186,US,United States,elite proxy,no,yes,1 minute ago
36.67.66.100,38990,ID,Indonesia,elite proxy,no,yes,1 minute ago
178.134.208.126,45043,GE,Georgia,elite proxy,no,yes,1 minute ago
188.235.8.5,38986,RU,Russian Federation,elite proxy,no,yes,1 minute ago
103.250.68.213,38562,BD,Bangladesh,elite proxy,no,yes,1 minute ago
188.72.6.98,59876,IQ,Iraq,elite proxy,no,yes,10 minutes ago
117.58.245.114,40137,BD,Bangladesh,elite proxy,no,yes,10 minutes ago
186.47.46.30,52399,EC,Ecuador,elite proxy,no,yes,10 minutes ago
212.57.22.178,8080,TR,Turkey,elite proxy,no,yes,10 minutes ago
102.39.18.221,39008,ZA,South Africa,elite proxy,no,yes,10 minutes ago
103.129.195.108,54033,IN,India,elite proxy,no,yes,10 minutes ago
172.104.57.209,666,SG,Singapore,elite proxy,no,yes,10 minutes ago
191.97.35.22,23500,AR,Argentina,elite proxy,no,yes,10 minutes ago
186.42.186.202,56569,EC,Ecuador,elite proxy,no,yes,10 minutes ago
109.238.222.5,45313,CZ,Czech Republic,elite proxy,no,yes,10 minutes ago
36.89.229.97,42496,ID,Indonesia,elite proxy,no,yes,10 minutes ago
41.79.66.106,52050,NG,Nigeria,elite proxy,no,yes,10 minutes ago
190.214.45.18,49111,EC,Ecuador,elite proxy,no,yes,10 minutes ago
118.174.233.41,41469,TH,Thailand,elite proxy,no,yes,10 minutes ago
169.255.139.66,48937,SD,Sudan,elite proxy,no,yes,10 minutes ago
181.118.167.104,80,CL,Chile,elite proxy,no,yes,10 minutes ago
195.154.106.113,3128,FR,France,elite proxy,no,yes,10 minutes ago
81.201.60.130,80,CZ,Czech Republic,elite proxy,no,yes,10 minutes ago
43.255.22.195,53281,BD,Bangladesh,elite proxy,no,yes,10 minutes ago
116.90.229.186,49933,NP,Nepal,elite proxy,no,yes,10 minutes ago
178.72.74.40,35242,RU,Russian Federation,elite proxy,no,yes,10 minutes ago
51.75.165.0,8080,GB,United Kingdom,elite proxy,no,yes,21 minutes ago
117.252.71.216,36050,IN,India,elite proxy,no,yes,21 minutes ago
163.172.230.102,3838,FR,France,elite proxy,no,yes,21 minutes ago
91.230.199.174,44009,UA,Ukraine,elite proxy,no,yes,21 minutes ago
176.63.205.248,54621,HU,Hungary,elite proxy,no,yes,21 minutes ago
31.28.99.25,44875,RU,Russian Federation,elite proxy,no,yes,21 minutes ago
1.10.189.107,33376,TH,Thailand,elite proxy,no,yes,21 minutes ago
